0,name0,address0,city0,Virginia,zipcode0
1,name1,address1,city1,California,zipcode1
2,name2,address2,city2,North Dakota,zipcode2
3,name3,address3,city3,New York,zipcode3
4,name4,address4,city4,Maine,zipcode4
5,name5,address5,city5,Rhode Island,zipcode5
6,name6,address6,city6,South Dakota,zipcode6
7,name7,address7,city7,Montana,zipcode7
8,name8,address8,city8,Connecticut,zipcode8
9,name9,address9,city9,Indiana,zipcode9
10,name10,address10,city10,Minnesota,zipcode10
11,name11,address11,city11,New Jersey,zipcode11
12,name12,address12,city12,West Virginia,zipcode12
13,name13,address13,city13,Maine,zipcode13
14,name14,address14,city14,Michigan,zipcode14
15,name15,address15,city15,Kentucky,zipcode15
16,name16,address16,city16,Texas,zipcode16
17,name17,address17,city17,Mississippi,zipcode17
18,name18,address18,city18,Louisiana,zipcode18
19,name19,address19,city19,New Mexico,zipcode19
20,name20,address20,city20,Nebraska,zipcode20
21,name21,address21,city21,Kentucky,zipcode21
22,name22,address22,city22,Wisconsin,zipcode22
23,name23,address23,city23,Louisiana,zipcode23
24,name24,address24,city24,Iowa,zipcode24
25,name25,address25,city25,Michigan,zipcode25
26,name26,address26,city26,South Carolina,zipcode26
27,name27,address27,city27,Georgia,zipcode27
28,name28,address28,city28,West Virginia,zipcode28
29,name29,address29,city29,Texas,zipcode29
30,name30,address30,city30,North Dakota,zipcode30
31,name31,address31,city31,Michigan,zipcode31
32,name32,address32,city32,Iowa,zipcode32
33,name33,address33,city33,New Jersey,zipcode33
34,name34,address34,city34,Michigan,zipcode34
35,name35,address35,city35,Tennessee,zipcode35
36,name36,address36,city36,Florida,zipcode36
37,name37,address37,city37,Nevada,zipcode37
38,name38,address38,city38,Oregon,zipcode38
39,name39,address39,city39,Illinois,zipcode39
40,name40,address40,city40,Massachusetts,zipcode40
41,name41,address41,city41,Arizona,zipcode41
42,name42,address42,city42,Pennsylvania,zipcode42
43,name43,address43,city43,Kansas,zipcode43
44,name44,address44,city44,Hawaii,zipcode44
45,name45,address45,city45,Nevada,zipcode45
46,name46,address46,city46,Missouri,zipcode46
47,name47,address47,city47,Arizona,zipcode47
48,name48,address48,city48,Colorado,zipcode48
49,name49,address49,city49,Connecticut,zipcode49
50,name50,address50,city50,New Jersey,zipcode50
51,name51,address51,city51,Nevada,zipcode51
52,name52,address52,city52,Pennsylvania,zipcode52
53,name53,address53,city53,Indiana,zipcode53
54,name54,address54,city54,District of Columbia,zipcode54
55,name55,address55,city55,Nevada,zipcode55
56,name56,address56,city56,Connecticut,zipcode56
57,name57,address57,city57,Virginia,zipcode57
58,name58,address58,city58,Missouri,zipcode58
59,name59,address59,city59,South Dakota,zipcode59
60,name60,address60,city60,Nebraska,zipcode60
61,name61,address61,city61,Tennessee,zipcode61
62,name62,address62,city62,Georgia,zipcode62
63,name63,address63,city63,Rhode Island,zipcode63
64,name64,address64,city64,Iowa,zipcode64
65,name65,address65,city65,Minnesota,zipcode65
66,name66,address66,city66,Idaho,zipcode66
67,name67,address67,city67,Wisconsin,zipcode67
68,name68,address68,city68,Massachusetts,zipcode68
69,name69,address69,city69,Oregon,zipcode69
70,name70,address70,city70,Arkansas,zipcode70
71,name71,address71,city71,New York,zipcode71
72,name72,address72,city72,North Carolina,zipcode72
73,name73,address73,city73,Florida,zipcode73
74,name74,address74,city74,Indiana,zipcode74
75,name75,address75,city75,Arkansas,zipcode75
76,name76,address76,city76,South Carolina,zipcode76
77,name77,address77,city77,Arizona,zipcode77
78,name78,address78,city78,Kansas,zipcode78
79,name79,address79,city79,Nevada,zipcode79
80,name80,address80,city80,Oklahoma,zipcode80
81,name81,address81,city81,Washington,zipcode81
82,name82,address82,city82,Michigan,zipcode82
83,name83,address83,city83,Maine,zipcode83
84,name84,address84,city84,New Mexico,zipcode84
85,name85,address85,city85,Rhode Island,zipcode85
86,name86,address86,city86,Nebraska,zipcode86
87,name87,address87,city87,Florida,zipcode87
88,name88,address88,city88,Idaho,zipcode88
89,name89,address89,city89,New Hampshire,zipcode89
90,name90,address90,city90,Alabama,zipcode90
91,name91,address91,city91,North Carolina,zipcode91
92,name92,address92,city92,Puerto Rico,zipcode92
93,name93,address93,city93,Iowa,zipcode93
94,name94,address94,city94,New Mexico,zipcode94
95,name95,address95,city95,Maryland,zipcode95
96,name96,address96,city96,Indiana,zipcode96
97,name97,address97,city97,Ohio,zipcode97
98,name98,address98,city98,Tennessee,zipcode98
99,name99,address99,city99,Iowa,zipcode99
100,name100,address100,city100,Maryland,zipcode100
101,name101,address101,city101,South Dakota,zipcode101
102,name102,address102,city102,Oklahoma,zipcode102
103,name103,address103,city103,Wisconsin,zipcode103
104,name104,address104,city104,Idaho,zipcode104
105,name105,address105,city105,Kentucky,zipcode105
106,name106,address106,city106,Missouri,zipcode106
107,name107,address107,city107,Georgia,zipcode107
108,name108,address108,city108,Missouri,zipcode108
109,name109,address109,city109,New York,zipcode109
110,name110,address110,city110,Arizona,zipcode110
111,name111,address111,city111,New Jersey,zipcode111
112,name112,address112,city112,North Carolina,zipcode112
113,name113,address113,city113,New Hampshire,zipcode113
114,name114,address114,city114,Ohio,zipcode114
115,name115,address115,city115,District of Columbia,zipcode115
116,name116,address116,city116,New York,zipcode116
117,name117,address117,city117,Iowa,zipcode117
118,name118,address118,city118,New Mexico,zipcode118
119,name119,address119,city119,Indiana,zipcode119
120,name120,address120,city120,New York,zipcode120
121,name121,address121,city121,Washington,zipcode121
122,name122,address122,city122,Virginia,zipcode122
123,name123,address123,city123,Alaska,zipcode123
124,name124,address124,city124,Oklahoma,zipcode124
125,name125,address125,city125,Iowa,zipcode125
126,name126,address126,city126,Minnesota,zipcode126
127,name127,address127,city127,California,zipcode127
128,name128,address128,city128,Missouri,zipcode128
129,name129,address129,city129,Texas,zipcode129
130,name130,address130,city130,Michigan,zipcode130
131,name131,address131,city131,Washington,zipcode131
132,name132,address132,city132,Oklahoma,zipcode132
133,name133,address133,city133,California,zipcode133
134,name134,address134,city134,West Virginia,zipcode134
135,name135,address135,city135,Utah,zipcode135
136,name136,address136,city136,Utah,zipcode136
137,name137,address137,city137,Oregon,zipcode137
138,name138,address138,city138,Maryland,zipcode138
139,name139,address139,city139,Wisconsin,zipcode139
140,name140,address140,city140,Nevada,zipcode140
141,name141,address141,city141,New Hampshire,zipcode141
142,name142,address142,city142,Minnesota,zipcode142
143,name143,address143,city143,North Dakota,zipcode143
144,name144,address144,city144,Puerto Rico,zipcode144
145,name145,address145,city145,Illinois,zipcode145
146,name146,address146,city146,Montana,zipcode146
147,name147,address147,city147,New Mexico,zipcode147
148,name148,address148,city148,Oklahoma,zipcode148
149,name149,address149,city149,Alabama,zipcode149
150,name150,address150,city150,Arizona,zipcode150
151,name151,address151,city151,Illinois,zipcode151
152,name152,address152,city152,Illinois,zipcode152
153,name153,address153,city153,Florida,zipcode153
154,name154,address154,city154,Missouri,zipcode154
155,name155,address155,city155,Florida,zipcode155
156,name156,address156,city156,Nebraska,zipcode156
157,name157,address157,city157,Minnesota,zipcode157
158,name158,address158,city158,Vermont,zipcode158
159,name159,address159,city159,North Carolina,zipcode159
160,name160,address160,city160,Kentucky,zipcode160
161,name161,address161,city161,South Dakota,zipcode161
162,name162,address162,city162,Missouri,zipcode162
163,name163,address163,city163,Tennessee,zipcode163
164,name164,address164,city164,South Carolina,zipcode164
165,name165,address165,city165,Vermont,zipcode165
166,name166,address166,city166,Utah,zipcode166
167,name167,address167,city167,Wyoming,zipcode167
168,name168,address168,city168,Nevada,zipcode168
169,name169,address169,city169,West Virginia,zipcode169
170,name170,address170,city170,Missouri,zipcode170
171,name171,address171,city171,Florida,zipcode171
172,name172,address172,city172,South Dakota,zipcode172
173,name173,address173,city173,District of Columbia,zipcode173
174,name174,address174,city174,Utah,zipcode174
175,name175,address175,city175,Missouri,zipcode175
176,name176,address176,city176,Colorado,zipcode176
177,name177,address177,city177,Vermont,zipcode177
178,name178,address178,city178,Delaware,zipcode178
179,name179,address179,city179,Connecticut,zipcode179
180,name180,address180,city180,New Hampshire,zipcode180
181,name181,address181,city181,Kansas,zipcode181
182,name182,address182,city182,Wyoming,zipcode182
183,name183,address183,city183,Ohio,zipcode183
184,name184,address184,city184,Minnesota,zipcode184
185,name185,address185,city185,Illinois,zipcode185
186,name186,address186,city186,Minnesota,zipcode186
187,name187,address187,city187,South Carolina,zipcode187
188,name188,address188,city188,Wyoming,zipcode188
189,name189,address189,city189,Wisconsin,zipcode189
190,name190,address190,city190,Virginia,zipcode190
191,name191,address191,city191,Indiana,zipcode191
192,name192,address192,city192,New York,zipcode192
193,name193,address193,city193,Massachusetts,zipcode193
194,name194,address194,city194,District of Columbia,zipcode194
195,name195,address195,city195,Mississippi,zipcode195
196,name196,address196,city196,Delaware,zipcode196
197,name197,address197,city197,Missouri,zipcode197
198,name198,address198,city198,Massachusetts,zipcode198
199,name199,address199,city199,Idaho,zipcode199
200,name200,address200,city200,Missouri,zipcode200
201,name201,address201,city201,South Dakota,zipcode201
202,name202,address202,city202,New Hampshire,zipcode202
203,name203,address203,city203,Utah,zipcode203
204,name204,address204,city204,Utah,zipcode204
205,name205,address205,city205,New York,zipcode205
206,name206,address206,city206,Hawaii,zipcode206
207,name207,address207,city207,Idaho,zipcode207
208,name208,address208,city208,Wisconsin,zipcode208
209,name209,address209,city209,Oklahoma,zipcode209
210,name210,address210,city210,Louisiana,zipcode210
211,name211,address211,city211,New York,zipcode211
212,name212,address212,city212,Florida,zipcode212
213,name213,address213,city213,Rhode Island,zipcode213
214,name214,address214,city214,Missouri,zipcode214
215,name215,address215,city215,Delaware,zipcode215
216,name216,address216,city216,South Dakota,zipcode216
217,name217,address217,city217,Nebraska,zipcode217
218,name218,address218,city218,Montana,zipcode218
219,name219,address219,city219,Nebraska,zipcode219
220,name220,address220,city220,New Mexico,zipcode220
221,name221,address221,city221,New Hampshire,zipcode221
222,name222,address222,city222,Mississippi,zipcode222
223,name223,address223,city223,Georgia,zipcode223
224,name224,address224,city224,Nebraska,zipcode224
225,name225,address225,city225,Ohio,zipcode225
226,name226,address226,city226,Idaho,zipcode226
227,name227,address227,city227,Puerto Rico,zipcode227
228,name228,address228,city228,Hawaii,zipcode228
229,name229,address229,city229,Michigan,zipcode229
230,name230,address230,city230,Iowa,zipcode230
231,name231,address231,city231,Indiana,zipcode231
232,name232,address232,city232,New Mexico,zipcode232
233,name233,address233,city233,Alaska,zipcode233
234,name234,address234,city234,Mississippi,zipcode234
235,name235,address235,city235,Indiana,zipcode235
236,name236,address236,city236,Hawaii,zipcode236
237,name237,address237,city237,Delaware,zipcode237
238,name238,address238,city238,Ohio,zipcode238
239,name239,address239,city239,Florida,zipcode239
240,name240,address240,city240,Maryland,zipcode240
241,name241,address241,city241,West Virginia,zipcode241
242,name242,address242,city242,North Carolina,zipcode242
243,name243,address243,city243,Wisconsin,zipcode243
244,name244,address244,city244,District of Columbia,zipcode244
245,name245,address245,city245,Ohio,zipcode245
246,name246,address246,city246,Nevada,zipcode246
247,name247,address247,city247,Texas,zipcode247
248,name248,address248,city248,Michigan,zipcode248
249,name249,address249,city249,Nevada,zipcode249
250,name250,address250,city250,Iowa,zipcode250
251,name251,address251,city251,Tennessee,zipcode251
252,name252,address252,city252,Oklahoma,zipcode252
253,name253,address253,city253,Nevada,zipcode253
254,name254,address254,city254,District of Columbia,zipcode254
255,name255,address255,city255,Minnesota,zipcode255
256,name256,address256,city256,Kansas,zipcode256
257,name257,address257,city257,South Carolina,zipcode257
258,name258,address258,city258,New Mexico,zipcode258
259,name259,address259,city259,Arkansas,zipcode259
260,name260,address260,city260,Maryland,zipcode260
261,name261,address261,city261,Ohio,zipcode261
262,name262,address262,city262,Tennessee,zipcode262
263,name263,address263,city263,Arizona,zipcode263
264,name264,address264,city264,Rhode Island,zipcode264
265,name265,address265,city265,Minnesota,zipcode265
266,name266,address266,city266,New Hampshire,zipcode266
267,name267,address267,city267,Tennessee,zipcode267
268,name268,address268,city268,Tennessee,zipcode268
269,name269,address269,city269,Missouri,zipcode269
270,name270,address270,city270,Alaska,zipcode270
271,name271,address271,city271,Oregon,zipcode271
272,name272,address272,city272,New Mexico,zipcode272
273,name273,address273,city273,Rhode Island,zipcode273
274,name274,address274,city274,Kansas,zipcode274
275,name275,address275,city275,Rhode Island,zipcode275
276,name276,address276,city276,Alabama,zipcode276
277,name277,address277,city277,South Carolina,zipcode277
278,name278,address278,city278,Hawaii,zipcode278
279,name279,address279,city279,Arkansas,zipcode279
280,name280,address280,city280,Puerto Rico,zipcode280
281,name281,address281,city281,North Dakota,zipcode281
282,name282,address282,city282,Vermont,zipcode282
283,name283,address283,city283,Nebraska,zipcode283
284,name284,address284,city284,Indiana,zipcode284
285,name285,address285,city285,California,zipcode285
286,name286,address286,city286,District of Columbia,zipcode286
287,name287,address287,city287,New Jersey,zipcode287
288,name288,address288,city288,Oklahoma,zipcode288
289,name289,address289,city289,Oklahoma,zipcode289
290,name290,address290,city290,Nevada,zipcode290
291,name291,address291,city291,District of Columbia,zipcode291
292,name292,address292,city292,Colorado,zipcode292
293,name293,address293,city293,Connecticut,zipcode293
294,name294,address294,city294,South Carolina,zipcode294
295,name295,address295,city295,Nevada,zipcode295
296,name296,address296,city296,South Carolina,zipcode296
297,name297,address297,city297,West Virginia,zipcode297
298,name298,address298,city298,Florida,zipcode298
299,name299,address299,city299,New Jersey,zipcode299
300,name300,address300,city300,South Carolina,zipcode300
301,name301,address301,city301,Georgia,zipcode301
302,name302,address302,city302,Iowa,zipcode302
303,name303,address303,city303,Missouri,zipcode303
304,name304,address304,city304,Wisconsin,zipcode304
305,name305,address305,city305,Alabama,zipcode305
306,name306,address306,city306,Wisconsin,zipcode306
307,name307,address307,city307,New Jersey,zipcode307
308,name308,address308,city308,Ohio,zipcode308
309,name309,address309,city309,New York,zipcode309
310,name310,address310,city310,New Hampshire,zipcode310
311,name311,address311,city311,Wyoming,zipcode311
312,name312,address312,city312,Rhode Island,zipcode312
313,name313,address313,city313,Nevada,zipcode313
314,name314,address314,city314,Ohio,zipcode314
315,name315,address315,city315,Tennessee,zipcode315
316,name316,address316,city316,North Carolina,zipcode316
317,name317,address317,city317,Wyoming,zipcode317
318,name318,address318,city318,Iowa,zipcode318
319,name319,address319,city319,Wyoming,zipcode319
320,name320,address320,city320,Minnesota,zipcode320
321,name321,address321,city321,West Virginia,zipcode321
322,name322,address322,city322,Rhode Island,zipcode322
323,name323,address323,city323,Arizona,zipcode323
324,name324,address324,city324,Virginia,zipcode324
325,name325,address325,city325,Pennsylvania,zipcode325
326,name326,address326,city326,Puerto Rico,zipcode326
327,name327,address327,city327,South Carolina,zipcode327
328,name328,address328,city328,Florida,zipcode328
329,name329,address329,city329,Tennessee,zipcode329
330,name330,address330,city330,Massachusetts,zipcode330
331,name331,address331,city331,Texas,zipcode331
332,name332,address332,city332,Colorado,zipcode332
333,name333,address333,city333,North Dakota,zipcode333
334,name334,address334,city334,Nebraska,zipcode334
335,name335,address335,city335,California,zipcode335
336,name336,address336,city336,Oklahoma,zipcode336
337,name337,address337,city337,Wisconsin,zipcode337
338,name338,address338,city338,Maryland,zipcode338
339,name339,address339,city339,Rhode Island,zipcode339
340,name340,address340,city340,Rhode Island,zipcode340
341,name341,address341,city341,Vermont,zipcode341
342,name342,address342,city342,California,zipcode342
343,name343,address343,city343,Arkansas,zipcode343
344,name344,address344,city344,New Mexico,zipcode344
345,name345,address345,city345,West Virginia,zipcode345
346,name346,address346,city346,Nebraska,zipcode346
347,name347,address347,city347,West Virginia,zipcode347
348,name348,address348,city348,Delaware,zipcode348
349,name349,address349,city349,Oregon,zipcode349
350,name350,address350,city350,North Dakota,zipcode350
351,name351,address351,city351,Vermont,zipcode351
352,name352,address352,city352,Puerto Rico,zipcode352
353,name353,address353,city353,Arizona,zipcode353
354,name354,address354,city354,Iowa,zipcode354
355,name355,address355,city355,Maine,zipcode355
356,name356,address356,city356,Tennessee,zipcode356
357,name357,address357,city357,California,zipcode357
358,name358,address358,city358,Montana,zipcode358
359,name359,address359,city359,Illinois,zipcode359
360,name360,address360,city360,North Carolina,zipcode360
361,name361,address361,city361,Nebraska,zipcode361
362,name362,address362,city362,Minnesota,zipcode362
363,name363,address363,city363,Georgia,zipcode363
364,name364,address364,city364,Ohio,zipcode364
365,name365,address365,city365,North Carolina,zipcode365
366,name366,address366,city366,Oregon,zipcode366
367,name367,address367,city367,Arkansas,zipcode367
368,name368,address368,city368,North Carolina,zipcode368
369,name369,address369,city369,Washington,zipcode369
370,name370,address370,city370,Wyoming,zipcode370
371,name371,address371,city371,Arizona,zipcode371
372,name372,address372,city372,Alabama,zipcode372
373,name373,address373,city373,Massachusetts,zipcode373
374,name374,address374,city374,Hawaii,zipcode374
375,name375,address375,city375,Kansas,zipcode375
376,name376,address376,city376,Kansas,zipcode376
377,name377,address377,city377,Kansas,zipcode377
378,name378,address378,city378,North Carolina,zipcode378
379,name379,address379,city379,Oklahoma,zipcode379
380,name380,address380,city380,Pennsylvania,zipcode380
381,name381,address381,city381,Mississippi,zipcode381
382,name382,address382,city382,Tennessee,zipcode382
383,name383,address383,city383,Alabama,zipcode383
384,name384,address384,city384,Oregon,zipcode384
385,name385,address385,city385,New Mexico,zipcode385
386,name386,address386,city386,Florida,zipcode386
387,name387,address387,city387,Alabama,zipcode387
388,name388,address388,city388,South Dakota,zipcode388
389,name389,address389,city389,Nevada,zipcode389
390,name390,address390,city390,Utah,zipcode390
391,name391,address391,city391,Wisconsin,zipcode391
392,name392,address392,city392,Rhode Island,zipcode392
393,name393,address393,city393,New York,zipcode393
394,name394,address394,city394,Arizona,zipcode394
395,name395,address395,city395,Louisiana,zipcode395
396,name396,address396,city396,Nebraska,zipcode396
397,name397,address397,city397,Nebraska,zipcode397
398,name398,address398,city398,Mississippi,zipcode398
399,name399,address399,city399,Louisiana,zipcode399
400,name400,address400,city400,Pennsylvania,zipcode400
401,name401,address401,city401,New Hampshire,zipcode401
402,name402,address402,city402,Pennsylvania,zipcode402
403,name403,address403,city403,Arkansas,zipcode403
404,name404,address404,city404,Kansas,zipcode404
405,name405,address405,city405,Connecticut,zipcode405
406,name406,address406,city406,District of Columbia,zipcode406
407,name407,address407,city407,Iowa,zipcode407
408,name408,address408,city408,Pennsylvania,zipcode408
409,name409,address409,city409,California,zipcode409
410,name410,address410,city410,New Jersey,zipcode410
411,name411,address411,city411,Missouri,zipcode411
412,name412,address412,city412,Hawaii,zipcode412
413,name413,address413,city413,Puerto Rico,zipcode413
414,name414,address414,city414,New Mexico,zipcode414
415,name415,address415,city415,Nebraska,zipcode415
416,name416,address416,city416,District of Columbia,zipcode416
417,name417,address417,city417,South Dakota,zipcode417
418,name418,address418,city418,New Hampshire,zipcode418
419,name419,address419,city419,Georgia,zipcode419
420,name420,address420,city420,Oregon,zipcode420
421,name421,address421,city421,California,zipcode421
422,name422,address422,city422,Washington,zipcode422
423,name423,address423,city423,New Jersey,zipcode423
424,name424,address424,city424,South Dakota,zipcode424
425,name425,address425,city425,Delaware,zipcode425
426,name426,address426,city426,Florida,zipcode426
427,name427,address427,city427,Iowa,zipcode427
428,name428,address428,city428,New Mexico,zipcode428
429,name429,address429,city429,Arkansas,zipcode429
430,name430,address430,city430,Michigan,zipcode430
431,name431,address431,city431,Idaho,zipcode431
432,name432,address432,city432,Minnesota,zipcode432
433,name433,address433,city433,Puerto Rico,zipcode433
434,name434,address434,city434,Illinois,zipcode434
435,name435,address435,city435,Nebraska,zipcode435
436,name436,address436,city436,District of Columbia,zipcode436
437,name437,address437,city437,South Dakota,zipcode437
438,name438,address438,city438,Washington,zipcode438
439,name439,address439,city439,Missouri,zipcode439
440,name440,address440,city440,Maine,zipcode440
441,name441,address441,city441,District of Columbia,zipcode441
442,name442,address442,city442,Colorado,zipcode442
443,name443,address443,city443,Maryland,zipcode443
444,name444,address444,city444,Hawaii,zipcode444
445,name445,address445,city445,Washington,zipcode445
446,name446,address446,city446,New Hampshire,zipcode446
447,name447,address447,city447,Mississippi,zipcode447
448,name448,address448,city448,Texas,zipcode448
449,name449,address449,city449,Alabama,zipcode449
450,name450,address450,city450,Tennessee,zipcode450
451,name451,address451,city451,Colorado,zipcode451
452,name452,address452,city452,Florida,zipcode452
453,name453,address453,city453,Massachusetts,zipcode453
454,name454,address454,city454,Mississippi,zipcode454
455,name455,address455,city455,Nebraska,zipcode455
456,name456,address456,city456,Iowa,zipcode456
457,name457,address457,city457,Montana,zipcode457
458,name458,address458,city458,Maryland,zipcode458
459,name459,address459,city459,Alabama,zipcode459
460,name460,address460,city460,South Carolina,zipcode460
461,name461,address461,city461,Ohio,zipcode461
462,name462,address462,city462,Virginia,zipcode462
463,name463,address463,city463,Virginia,zipcode463
464,name464,address464,city464,Montana,zipcode464
465,name465,address465,city465,North Carolina,zipcode465
466,name466,address466,city466,Alaska,zipcode466
467,name467,address467,city467,New Jersey,zipcode467
468,name468,address468,city468,Maryland,zipcode468
469,name469,address469,city469,New Hampshire,zipcode469
470,name470,address470,city470,Washington,zipcode470
471,name471,address471,city471,New Mexico,zipcode471
472,name472,address472,city472,Florida,zipcode472
473,name473,address473,city473,Minnesota,zipcode473
474,name474,address474,city474,Illinois,zipcode474
475,name475,address475,city475,Missouri,zipcode475
476,name476,address476,city476,Delaware,zipcode476
477,name477,address477,city477,Oregon,zipcode477
478,name478,address478,city478,Texas,zipcode478
479,name479,address479,city479,South Dakota,zipcode479
480,name480,address480,city480,Vermont,zipcode480
481,name481,address481,city481,Delaware,zipcode481
482,name482,address482,city482,South Dakota,zipcode482
483,name483,address483,city483,Louisiana,zipcode483
484,name484,address484,city484,South Carolina,zipcode484
485,name485,address485,city485,Arizona,zipcode485
486,name486,address486,city486,Florida,zipcode486
487,name487,address487,city487,Mississippi,zipcode487
488,name488,address488,city488,Missouri,zipcode488
489,name489,address489,city489,Nevada,zipcode489
490,name490,address490,city490,Tennessee,zipcode490
491,name491,address491,city491,Washington,zipcode491
492,name492,address492,city492,Connecticut,zipcode492
493,name493,address493,city493,West Virginia,zipcode493
494,name494,address494,city494,Ohio,zipcode494
495,name495,address495,city495,Vermont,zipcode495
496,name496,address496,city496,Wyoming,zipcode496
497,name497,address497,city497,Connecticut,zipcode497
498,name498,address498,city498,North Carolina,zipcode498
499,name499,address499,city499,Maine,zipcode499
500,name500,address500,city500,Missouri,zipcode500
501,name501,address501,city501,Rhode Island,zipcode501
502,name502,address502,city502,Massachusetts,zipcode502
503,name503,address503,city503,Arizona,zipcode503
504,name504,address504,city504,North Dakota,zipcode504
505,name505,address505,city505,Connecticut,zipcode505
506,name506,address506,city506,Louisiana,zipcode506
507,name507,address507,city507,Arkansas,zipcode507
508,name508,address508,city508,Nevada,zipcode508
509,name509,address509,city509,New Jersey,zipcode509
510,name510,address510,city510,Wyoming,zipcode510
511,name511,address511,city511,Delaware,zipcode511
512,name512,address512,city512,Kentucky,zipcode512
513,name513,address513,city513,Massachusetts,zipcode513
514,name514,address514,city514,South Carolina,zipcode514
515,name515,address515,city515,Kansas,zipcode515
516,name516,address516,city516,Wyoming,zipcode516
517,name517,address517,city517,Kansas,zipcode517
518,name518,address518,city518,Massachusetts,zipcode518
519,name519,address519,city519,Colorado,zipcode519
520,name520,address520,city520,New York,zipcode520
521,name521,address521,city521,Rhode Island,zipcode521
522,name522,address522,city522,New Hampshire,zipcode522
523,name523,address523,city523,Nebraska,zipcode523
524,name524,address524,city524,Alabama,zipcode524
525,name525,address525,city525,Virginia,zipcode525
526,name526,address526,city526,Idaho,zipcode526
527,name527,address527,city527,Illinois,zipcode527
528,name528,address528,city528,Alabama,zipcode528
529,name529,address529,city529,District of Columbia,zipcode529
530,name530,address530,city530,South Carolina,zipcode530
531,name531,address531,city531,Montana,zipcode531
532,name532,address532,city532,Kansas,zipcode532
533,name533,address533,city533,North Dakota,zipcode533
534,name534,address534,city534,North Dakota,zipcode534
535,name535,address535,city535,Maine,zipcode535
536,name536,address536,city536,New Hampshire,zipcode536
537,name537,address537,city537,Mississippi,zipcode537
538,name538,address538,city538,Michigan,zipcode538
539,name539,address539,city539,Kentucky,zipcode539
540,name540,address540,city540,Alabama,zipcode540
541,name541,address541,city541,California,zipcode541
542,name542,address542,city542,Illinois,zipcode542
543,name543,address543,city543,District of Columbia,zipcode543
544,name544,address544,city544,District of Columbia,zipcode544
545,name545,address545,city545,District of Columbia,zipcode545
546,name546,address546,city546,California,zipcode546
547,name547,address547,city547,Kansas,zipcode547
548,name548,address548,city548,South Carolina,zipcode548
549,name549,address549,city549,Tennessee,zipcode549
550,name550,address550,city550,Hawaii,zipcode550
551,name551,address551,city551,Nebraska,zipcode551
552,name552,address552,city552,South Dakota,zipcode552
553,name553,address553,city553,New York,zipcode553
554,name554,address554,city554,New Mexico,zipcode554
555,name555,address555,city555,Illinois,zipcode555
556,name556,address556,city556,North Carolina,zipcode556
557,name557,address557,city557,Tennessee,zipcode557
558,name558,address558,city558,Tennessee,zipcode558
559,name559,address559,city559,Nevada,zipcode559
560,name560,address560,city560,Arizona,zipcode560
561,name561,address561,city561,Nebraska,zipcode561
562,name562,address562,city562,Alabama,zipcode562
563,name563,address563,city563,New Mexico,zipcode563
564,name564,address564,city564,Wisconsin,zipcode564
565,name565,address565,city565,Alaska,zipcode565
566,name566,address566,city566,Colorado,zipcode566
567,name567,address567,city567,Utah,zipcode567
568,name568,address568,city568,Nevada,zipcode568
569,name569,address569,city569,Nevada,zipcode569
570,name570,address570,city570,Missouri,zipcode570
571,name571,address571,city571,Texas,zipcode571
572,name572,address572,city572,Puerto Rico,zipcode572
573,name573,address573,city573,District of Columbia,zipcode573
574,name574,address574,city574,Louisiana,zipcode574
575,name575,address575,city575,Florida,zipcode575
576,name576,address576,city576,Louisiana,zipcode576
577,name577,address577,city577,North Carolina,zipcode577
578,name578,address578,city578,Hawaii,zipcode578
579,name579,address579,city579,Rhode Island,zipcode579
580,name580,address580,city580,Washington,zipcode580
581,name581,address581,city581,Utah,zipcode581
582,name582,address582,city582,Minnesota,zipcode582
583,name583,address583,city583,Michigan,zipcode583
584,name584,address584,city584,Massachusetts,zipcode584
585,name585,address585,city585,Georgia,zipcode585
586,name586,address586,city586,Alabama,zipcode586
587,name587,address587,city587,Georgia,zipcode587
588,name588,address588,city588,New Mexico,zipcode588
589,name589,address589,city589,Oregon,zipcode589
590,name590,address590,city590,Oklahoma,zipcode590
591,name591,address591,city591,Illinois,zipcode591
592,name592,address592,city592,Pennsylvania,zipcode592
593,name593,address593,city593,West Virginia,zipcode593
594,name594,address594,city594,Wyoming,zipcode594
595,name595,address595,city595,Tennessee,zipcode595
596,name596,address596,city596,Georgia,zipcode596
597,name597,address597,city597,Oklahoma,zipcode597
598,name598,address598,city598,New Jersey,zipcode598
599,name599,address599,city599,Missouri,zipcode599
600,name600,address600,city600,South Carolina,zipcode600
601,name601,address601,city601,New Hampshire,zipcode601
602,name602,address602,city602,Oklahoma,zipcode602
603,name603,address603,city603,Pennsylvania,zipcode603
604,name604,address604,city604,Mississippi,zipcode604
605,name605,address605,city605,South Dakota,zipcode605
606,name606,address606,city606,California,zipcode606
607,name607,address607,city607,Wyoming,zipcode607
608,name608,address608,city608,Kansas,zipcode608
609,name609,address609,city609,District of Columbia,zipcode609
610,name610,address610,city610,Minnesota,zipcode610
611,name611,address611,city611,Nebraska,zipcode611
612,name612,address612,city612,Nevada,zipcode612
613,name613,address613,city613,Rhode Island,zipcode613
614,name614,address614,city614,Alabama,zipcode614
615,name615,address615,city615,Michigan,zipcode615
616,name616,address616,city616,Puerto Rico,zipcode616
617,name617,address617,city617,Wyoming,zipcode617
618,name618,address618,city618,Iowa,zipcode618
619,name619,address619,city619,Rhode Island,zipcode619
620,name620,address620,city620,Oklahoma,zipcode620
621,name621,address621,city621,Nevada,zipcode621
622,name622,address622,city622,Kentucky,zipcode622
623,name623,address623,city623,California,zipcode623
624,name624,address624,city624,Arkansas,zipcode624
625,name625,address625,city625,Maine,zipcode625
626,name626,address626,city626,District of Columbia,zipcode626
627,name627,address627,city627,Texas,zipcode627
628,name628,address628,city628,Hawaii,zipcode628
629,name629,address629,city629,Louisiana,zipcode629
630,name630,address630,city630,Arizona,zipcode630
631,name631,address631,city631,Ohio,zipcode631
632,name632,address632,city632,Wisconsin,zipcode632
633,name633,address633,city633,South Carolina,zipcode633
634,name634,address634,city634,North Dakota,zipcode634
635,name635,address635,city635,Tennessee,zipcode635
636,name636,address636,city636,Washington,zipcode636
637,name637,address637,city637,Mississippi,zipcode637
638,name638,address638,city638,Connecticut,zipcode638
639,name639,address639,city639,Kentucky,zipcode639
640,name640,address640,city640,Indiana,zipcode640
641,name641,address641,city641,Oklahoma,zipcode641
642,name642,address642,city642,North Dakota,zipcode642
643,name643,address643,city643,Illinois,zipcode643
644,name644,address644,city644,Nebraska,zipcode644
645,name645,address645,city645,Missouri,zipcode645
646,name646,address646,city646,Maine,zipcode646
647,name647,address647,city647,Missouri,zipcode647
648,name648,address648,city648,Texas,zipcode648
649,name649,address649,city649,New York,zipcode649
650,name650,address650,city650,South Dakota,zipcode650
651,name651,address651,city651,Wisconsin,zipcode651
652,name652,address652,city652,Nebraska,zipcode652
653,name653,address653,city653,Oklahoma,zipcode653
654,name654,address654,city654,Connecticut,zipcode654
655,name655,address655,city655,South Dakota,zipcode655
656,name656,address656,city656,Delaware,zipcode656
657,name657,address657,city657,Rhode Island,zipcode657
658,name658,address658,city658,Illinois,zipcode658
659,name659,address659,city659,Maine,zipcode659
660,name660,address660,city660,Idaho,zipcode660
661,name661,address661,city661,California,zipcode661
662,name662,address662,city662,Kentucky,zipcode662
663,name663,address663,city663,New York,zipcode663
664,name664,address664,city664,Alaska,zipcode664
665,name665,address665,city665,New Jersey,zipcode665
666,name666,address666,city666,Maine,zipcode666
667,name667,address667,city667,Delaware,zipcode667
668,name668,address668,city668,North Dakota,zipcode668
669,name669,address669,city669,District of Columbia,zipcode669
670,name670,address670,city670,Ohio,zipcode670
671,name671,address671,city671,Texas,zipcode671
672,name672,address672,city672,Idaho,zipcode672
673,name673,address673,city673,Kansas,zipcode673
674,name674,address674,city674,Virginia,zipcode674
675,name675,address675,city675,Georgia,zipcode675
676,name676,address676,city676,Rhode Island,zipcode676
677,name677,address677,city677,Indiana,zipcode677
678,name678,address678,city678,Kentucky,zipcode678
679,name679,address679,city679,Oregon,zipcode679
680,name680,address680,city680,Alaska,zipcode680
681,name681,address681,city681,Alaska,zipcode681
682,name682,address682,city682,Alabama,zipcode682
683,name683,address683,city683,Delaware,zipcode683
684,name684,address684,city684,Indiana,zipcode684
685,name685,address685,city685,Nevada,zipcode685
686,name686,address686,city686,Washington,zipcode686
687,name687,address687,city687,Florida,zipcode687
688,name688,address688,city688,Washington,zipcode688
689,name689,address689,city689,West Virginia,zipcode689
690,name690,address690,city690,Massachusetts,zipcode690
691,name691,address691,city691,Delaware,zipcode691
692,name692,address692,city692,West Virginia,zipcode692
693,name693,address693,city693,Idaho,zipcode693
694,name694,address694,city694,Missouri,zipcode694
695,name695,address695,city695,Hawaii,zipcode695
696,name696,address696,city696,Rhode Island,zipcode696
697,name697,address697,city697,Maine,zipcode697
698,name698,address698,city698,Wyoming,zipcode698
699,name699,address699,city699,New Jersey,zipcode699
700,name700,address700,city700,Kentucky,zipcode700
701,name701,address701,city701,Michigan,zipcode701
702,name702,address702,city702,Virginia,zipcode702
703,name703,address703,city703,Tennessee,zipcode703
704,name704,address704,city704,Massachusetts,zipcode704
705,name705,address705,city705,Utah,zipcode705
706,name706,address706,city706,California,zipcode706
707,name707,address707,city707,California,zipcode707
708,name708,address708,city708,Nevada,zipcode708
709,name709,address709,city709,Missouri,zipcode709
710,name710,address710,city710,Vermont,zipcode710
711,name711,address711,city711,Michigan,zipcode711
712,name712,address712,city712,North Carolina,zipcode712
713,name713,address713,city713,Alabama,zipcode713
714,name714,address714,city714,South Carolina,zipcode714
715,name715,address715,city715,Florida,zipcode715
716,name716,address716,city716,West Virginia,zipcode716
717,name717,address717,city717,Iowa,zipcode717
718,name718,address718,city718,Massachusetts,zipcode718
719,name719,address719,city719,Mississippi,zipcode719
720,name720,address720,city720,Alaska,zipcode720
721,name721,address721,city721,Ohio,zipcode721
722,name722,address722,city722,Montana,zipcode722
723,name723,address723,city723,Pennsylvania,zipcode723
724,name724,address724,city724,Idaho,zipcode724
725,name725,address725,city725,Illinois,zipcode725
726,name726,address726,city726,Georgia,zipcode726
727,name727,address727,city727,Wisconsin,zipcode727
728,name728,address728,city728,Louisiana,zipcode728
729,name729,address729,city729,Alabama,zipcode729
730,name730,address730,city730,Pennsylvania,zipcode730
731,name731,address731,city731,Iowa,zipcode731
732,name732,address732,city732,Arizona,zipcode732
733,name733,address733,city733,South Carolina,zipcode733
734,name734,address734,city734,Rhode Island,zipcode734
735,name735,address735,city735,North Carolina,zipcode735
736,name736,address736,city736,New Mexico,zipcode736
737,name737,address737,city737,Vermont,zipcode737
738,name738,address738,city738,Nevada,zipcode738
739,name739,address739,city739,Alaska,zipcode739
740,name740,address740,city740,New Mexico,zipcode740
741,name741,address741,city741,North Carolina,zipcode741
742,name742,address742,city742,Florida,zipcode742
743,name743,address743,city743,Massachusetts,zipcode743
744,name744,address744,city744,Mississippi,zipcode744
745,name745,address745,city745,Louisiana,zipcode745
746,name746,address746,city746,Pennsylvania,zipcode746
747,name747,address747,city747,West Virginia,zipcode747
748,name748,address748,city748,District of Columbia,zipcode748
749,name749,address749,city749,Wyoming,zipcode749
750,name750,address750,city750,New Mexico,zipcode750
751,name751,address751,city751,Pennsylvania,zipcode751
752,name752,address752,city752,California,zipcode752
753,name753,address753,city753,New York,zipcode753
754,name754,address754,city754,Delaware,zipcode754
755,name755,address755,city755,Montana,zipcode755
756,name756,address756,city756,Utah,zipcode756
757,name757,address757,city757,Montana,zipcode757
758,name758,address758,city758,New Mexico,zipcode758
759,name759,address759,city759,Oklahoma,zipcode759
760,name760,address760,city760,Colorado,zipcode760
761,name761,address761,city761,Vermont,zipcode761
762,name762,address762,city762,Nevada,zipcode762
763,name763,address763,city763,Oregon,zipcode763
764,name764,address764,city764,Iowa,zipcode764
765,name765,address765,city765,Vermont,zipcode765
766,name766,address766,city766,Oklahoma,zipcode766
767,name767,address767,city767,Idaho,zipcode767
768,name768,address768,city768,Arizona,zipcode768
769,name769,address769,city769,Vermont,zipcode769
770,name770,address770,city770,Connecticut,zipcode770
771,name771,address771,city771,Alabama,zipcode771
772,name772,address772,city772,Vermont,zipcode772
773,name773,address773,city773,New York,zipcode773
774,name774,address774,city774,Utah,zipcode774
775,name775,address775,city775,Maine,zipcode775
776,name776,address776,city776,Oklahoma,zipcode776
777,name777,address777,city777,Alaska,zipcode777
778,name778,address778,city778,Massachusetts,zipcode778
779,name779,address779,city779,Utah,zipcode779
780,name780,address780,city780,Connecticut,zipcode780
781,name781,address781,city781,District of Columbia,zipcode781
782,name782,address782,city782,Ohio,zipcode782
783,name783,address783,city783,Nebraska,zipcode783
784,name784,address784,city784,Virginia,zipcode784
785,name785,address785,city785,Alaska,zipcode785
786,name786,address786,city786,Vermont,zipcode786
787,name787,address787,city787,Wisconsin,zipcode787
788,name788,address788,city788,Pennsylvania,zipcode788
789,name789,address789,city789,Kentucky,zipcode789
790,name790,address790,city790,Iowa,zipcode790
791,name791,address791,city791,Indiana,zipcode791
792,name792,address792,city792,Tennessee,zipcode792
793,name793,address793,city793,Missouri,zipcode793
794,name794,address794,city794,Ohio,zipcode794
795,name795,address795,city795,South Dakota,zipcode795
796,name796,address796,city796,Mississippi,zipcode796
797,name797,address797,city797,Delaware,zipcode797
798,name798,address798,city798,Kentucky,zipcode798
799,name799,address799,city799,Mississippi,zipcode799
800,name800,address800,city800,North Dakota,zipcode800
801,name801,address801,city801,Louisiana,zipcode801
802,name802,address802,city802,Wyoming,zipcode802
803,name803,address803,city803,Oklahoma,zipcode803
804,name804,address804,city804,Mississippi,zipcode804
805,name805,address805,city805,Illinois,zipcode805
806,name806,address806,city806,Massachusetts,zipcode806
807,name807,address807,city807,Mississippi,zipcode807
808,name808,address808,city808,New Hampshire,zipcode808
809,name809,address809,city809,Alaska,zipcode809
810,name810,address810,city810,New Hampshire,zipcode810
811,name811,address811,city811,Maryland,zipcode811
812,name812,address812,city812,North Dakota,zipcode812
813,name813,address813,city813,Michigan,zipcode813
814,name814,address814,city814,Indiana,zipcode814
815,name815,address815,city815,Arkansas,zipcode815
816,name816,address816,city816,Louisiana,zipcode816
817,name817,address817,city817,Michigan,zipcode817
818,name818,address818,city818,Arkansas,zipcode818
819,name819,address819,city819,Louisiana,zipcode819
820,name820,address820,city820,California,zipcode820
821,name821,address821,city821,Iowa,zipcode821
822,name822,address822,city822,New Hampshire,zipcode822
823,name823,address823,city823,Alaska,zipcode823
824,name824,address824,city824,Florida,zipcode824
825,name825,address825,city825,Alaska,zipcode825
826,name826,address826,city826,Tennessee,zipcode826
827,name827,address827,city827,California,zipcode827
828,name828,address828,city828,North Carolina,zipcode828
829,name829,address829,city829,Kansas,zipcode829
830,name830,address830,city830,Colorado,zipcode830
831,name831,address831,city831,District of Columbia,zipcode831
832,name832,address832,city832,Idaho,zipcode832
833,name833,address833,city833,District of Columbia,zipcode833
834,name834,address834,city834,Kentucky,zipcode834
835,name835,address835,city835,New Jersey,zipcode835
836,name836,address836,city836,West Virginia,zipcode836
837,name837,address837,city837,Oregon,zipcode837
838,name838,address838,city838,Ohio,zipcode838
839,name839,address839,city839,South Dakota,zipcode839
840,name840,address840,city840,Louisiana,zipcode840
841,name841,address841,city841,New Mexico,zipcode841
842,name842,address842,city842,Connecticut,zipcode842
843,name843,address843,city843,Michigan,zipcode843
844,name844,address844,city844,New Mexico,zipcode844
845,name845,address845,city845,Ohio,zipcode845
846,name846,address846,city846,Wisconsin,zipcode846
847,name847,address847,city847,Oklahoma,zipcode847
848,name848,address848,city848,Pennsylvania,zipcode848
849,name849,address849,city849,New Mexico,zipcode849
850,name850,address850,city850,Florida,zipcode850
851,name851,address851,city851,Colorado,zipcode851
852,name852,address852,city852,Iowa,zipcode852
853,name853,address853,city853,Oklahoma,zipcode853
854,name854,address854,city854,Hawaii,zipcode854
855,name855,address855,city855,District of Columbia,zipcode855
856,name856,address856,city856,District of Columbia,zipcode856
857,name857,address857,city857,Rhode Island,zipcode857
858,name858,address858,city858,Wisconsin,zipcode858
859,name859,address859,city859,Nevada,zipcode859
860,name860,address860,city860,Illinois,zipcode860
861,name861,address861,city861,Wisconsin,zipcode861
862,name862,address862,city862,Oregon,zipcode862
863,name863,address863,city863,Washington,zipcode863
864,name864,address864,city864,North Dakota,zipcode864
865,name865,address865,city865,South Carolina,zipcode865
866,name866,address866,city866,Louisiana,zipcode866
867,name867,address867,city867,Minnesota,zipcode867
868,name868,address868,city868,Ohio,zipcode868
869,name869,address869,city869,New Mexico,zipcode869
870,name870,address870,city870,Hawaii,zipcode870
871,name871,address871,city871,Arkansas,zipcode871
872,name872,address872,city872,Montana,zipcode872
873,name873,address873,city873,Washington,zipcode873
874,name874,address874,city874,New Jersey,zipcode874
875,name875,address875,city875,Nebraska,zipcode875
876,name876,address876,city876,Nebraska,zipcode876
877,name877,address877,city877,Arkansas,zipcode877
878,name878,address878,city878,Alaska,zipcode878
879,name879,address879,city879,Iowa,zipcode879
880,name880,address880,city880,New Mexico,zipcode880
881,name881,address881,city881,Michigan,zipcode881
882,name882,address882,city882,Hawaii,zipcode882
883,name883,address883,city883,Kansas,zipcode883
884,name884,address884,city884,Oregon,zipcode884
885,name885,address885,city885,Utah,zipcode885
886,name886,address886,city886,Nevada,zipcode886
887,name887,address887,city887,North Dakota,zipcode887
888,name888,address888,city888,Tennessee,zipcode888
889,name889,address889,city889,Arizona,zipcode889
890,name890,address890,city890,Nevada,zipcode890
891,name891,address891,city891,Alabama,zipcode891
892,name892,address892,city892,Maine,zipcode892
893,name893,address893,city893,New Jersey,zipcode893
894,name894,address894,city894,Mississippi,zipcode894
895,name895,address895,city895,Vermont,zipcode895
896,name896,address896,city896,Arizona,zipcode896
897,name897,address897,city897,Connecticut,zipcode897
898,name898,address898,city898,Nebraska,zipcode898
899,name899,address899,city899,Arkansas,zipcode899
900,name900,address900,city900,Texas,zipcode900
901,name901,address901,city901,Utah,zipcode901
902,name902,address902,city902,Oregon,zipcode902
903,name903,address903,city903,Illinois,zipcode903
904,name904,address904,city904,Tennessee,zipcode904
905,name905,address905,city905,Iowa,zipcode905
906,name906,address906,city906,Maine,zipcode906
907,name907,address907,city907,Missouri,zipcode907
908,name908,address908,city908,Connecticut,zipcode908
909,name909,address909,city909,Louisiana,zipcode909
910,name910,address910,city910,Oregon,zipcode910
911,name911,address911,city911,Kentucky,zipcode911
912,name912,address912,city912,Pennsylvania,zipcode912
913,name913,address913,city913,Indiana,zipcode913
914,name914,address914,city914,Mississippi,zipcode914
915,name915,address915,city915,Vermont,zipcode915
916,name916,address916,city916,Tennessee,zipcode916
917,name917,address917,city917,Texas,zipcode917
918,name918,address918,city918,Maryland,zipcode918
919,name919,address919,city919,West Virginia,zipcode919
920,name920,address920,city920,Nebraska,zipcode920
921,name921,address921,city921,Maine,zipcode921
922,name922,address922,city922,Kentucky,zipcode922
923,name923,address923,city923,Vermont,zipcode923
924,name924,address924,city924,Rhode Island,zipcode924
925,name925,address925,city925,Kansas,zipcode925
926,name926,address926,city926,Colorado,zipcode926
927,name927,address927,city927,Pennsylvania,zipcode927
928,name928,address928,city928,Alaska,zipcode928
929,name929,address929,city929,California,zipcode929
930,name930,address930,city930,Montana,zipcode930
931,name931,address931,city931,Maine,zipcode931
932,name932,address932,city932,Kansas,zipcode932
933,name933,address933,city933,North Dakota,zipcode933
934,name934,address934,city934,Alabama,zipcode934
935,name935,address935,city935,District of Columbia,zipcode935
936,name936,address936,city936,District of Columbia,zipcode936
937,name937,address937,city937,Rhode Island,zipcode937
938,name938,address938,city938,Connecticut,zipcode938
939,name939,address939,city939,New York,zipcode939
940,name940,address940,city940,Wisconsin,zipcode940
941,name941,address941,city941,New Jersey,zipcode941
942,name942,address942,city942,Vermont,zipcode942
943,name943,address943,city943,Idaho,zipcode943
944,name944,address944,city944,Nevada,zipcode944
945,name945,address945,city945,Ohio,zipcode945
946,name946,address946,city946,Virginia,zipcode946
947,name947,address947,city947,Missouri,zipcode947
948,name948,address948,city948,Ohio,zipcode948
949,name949,address949,city949,Texas,zipcode949
950,name950,address950,city950,New Jersey,zipcode950
951,name951,address951,city951,Indiana,zipcode951
952,name952,address952,city952,South Dakota,zipcode952
953,name953,address953,city953,Kansas,zipcode953
954,name954,address954,city954,New Hampshire,zipcode954
955,name955,address955,city955,Alabama,zipcode955
956,name956,address956,city956,Minnesota,zipcode956
957,name957,address957,city957,Alaska,zipcode957
958,name958,address958,city958,North Dakota,zipcode958
959,name959,address959,city959,Alabama,zipcode959
960,name960,address960,city960,New York,zipcode960
961,name961,address961,city961,South Carolina,zipcode961
962,name962,address962,city962,New York,zipcode962
963,name963,address963,city963,New Mexico,zipcode963
964,name964,address964,city964,Arizona,zipcode964
965,name965,address965,city965,Iowa,zipcode965
966,name966,address966,city966,Massachusetts,zipcode966
967,name967,address967,city967,Vermont,zipcode967
968,name968,address968,city968,Rhode Island,zipcode968
969,name969,address969,city969,Florida,zipcode969
970,name970,address970,city970,New York,zipcode970
971,name971,address971,city971,Idaho,zipcode971
972,name972,address972,city972,West Virginia,zipcode972
973,name973,address973,city973,Colorado,zipcode973
974,name974,address974,city974,Alabama,zipcode974
975,name975,address975,city975,West Virginia,zipcode975
976,name976,address976,city976,New Hampshire,zipcode976
977,name977,address977,city977,Texas,zipcode977
978,name978,address978,city978,Minnesota,zipcode978
979,name979,address979,city979,Puerto Rico,zipcode979
980,name980,address980,city980,Nevada,zipcode980
981,name981,address981,city981,Puerto Rico,zipcode981
982,name982,address982,city982,South Dakota,zipcode982
983,name983,address983,city983,Mississippi,zipcode983
984,name984,address984,city984,North Carolina,zipcode984
985,name985,address985,city985,Connecticut,zipcode985
986,name986,address986,city986,Illinois,zipcode986
987,name987,address987,city987,Wisconsin,zipcode987
988,name988,address988,city988,Massachusetts,zipcode988
989,name989,address989,city989,Kansas,zipcode989
990,name990,address990,city990,Ohio,zipcode990
991,name991,address991,city991,New Hampshire,zipcode991
992,name992,address992,city992,Massachusetts,zipcode992
993,name993,address993,city993,Illinois,zipcode993
994,name994,address994,city994,Tennessee,zipcode994
995,name995,address995,city995,Utah,zipcode995
996,name996,address996,city996,Ohio,zipcode996
997,name997,address997,city997,Virginia,zipcode997
998,name998,address998,city998,Wisconsin,zipcode998
999,name999,address999,city999,Tennessee,zipcode999
